AnubisStreams,Woobis
SakanaXena,SakanaKaizen
Fell_Umbra,FellUmbra
5idekick,_shi
canadaeh_,billyummmm
Tyar,billyummmm
merkk1,Markerss
amage1,Clararitz
CheeseJamez,CheeseJay
JackTheCactus,SaylerSomething
xJavascript,SaylerSomething
NachesterBMTH,Zesksaken
Quaku,QuakeTheWorldTTV
PAHBLO,TrentxS
MojangSupport,TrentxS
LqndSlide,lqndslide
Yist,yistv2
avacats,mayacats
gsjan,horayah
Plexsy,idfcdean
TheBestOtaku,lolmcgeeksFTW
Honoropz,Brocketships
UltimateVillager,GutinGongoozler
Andraea,Mintiie
CallMeDJ,DawsonPresent
VideoGamePhrase,VideoGP
A7E_7,VideoGP
Kubaslov,Nikikula
PizzqWithAQ,PizzaWithAQ
tonylmao,Tonylmao
JaeHasNoMaidens,commitstaxfraud
Kingsy_,JerseyTheDevil
NajaOxiana,illuminaja
RqDix,AsianCheatCode
AwesomeMonkey02,JimboSucc