???,2075465557
A Dime A Dozen,1144884594
A UHC Recorded Round,422653224
Absorbed,1773571760
Abstraction,647748741
Ad-Libitum,1074503673
Adaptation,300724347
Addiction,15104424
Adrenaline,2097755496
Advancement,351976448
Agency,1143309413
Alignment,1176100228
All Stars,607235249
Alphabet Soup,622732940
Alphabetrum,1805425023
Alphabetrum Reboot,758390613
Amalgam,2099068151
Amalgamation,156692631
Ambience,1222641944
Ambition,1379237592
Ameliorate,1525835079
Amity,1622071171
Amour,34768742
Andromeda,1735128201
Animated to Life,80630771
Animated to Life x Cinema,1519651513
Anime Club,1841906960
Apex,1180743558
Apocalyptic,1837605019
Arcturian,1370441661
Around the World,981910569
Asperity,2060516065
Astrology,623347131
At War,1406735108
Aureus Pupillam,1812571432
Aurora,888859318
Azure,1896724804
B-Tier Brawlers,1324963617
Back in Time,1027851294
Band Practice,1211783932
Battle Royale,1857212654
Battle Scene,1637716815
Beyond Freezing,987636481
Birthday Bash,503846463
Bloodlust,517913959
Brittania,1843126082
Calamity,1930334519
Campaign,146457953
Carnage,1584935952
Casino,385697250
Cataclysm,1382806872
Certamina,1672185769
Chance,2029562130
Chasmic,1175185196
Cheaper by the Dozen,659110927
Chroma,1906783645
Chunkloader,237989936
Clash of Kingdoms,1817862688
Cinema,1138772065
Clash of The Underdogs,426769149
Classification,1281421343
Coalescence,788263415
Cognitive,1784132816
Combat In Progress,384944141
Comical,574535803
Communication,1271762811
Companion,1815671821
Compass Rose,1473582430
Conception,520249319
Conjure,945174373
Connect,566874619
Connections,45330404
Conquer,1934788162
Consequence,1065779153
Consumption,564866084
Conviction,174044712
Corrupted,229811133
Creation,787155940
Cynical,1530309816
Darkness,1297382433
Desire,542152958
Destral,1216894576
Determination,1823615628
Devastation,1732663465
Deviation,1373331270
Dex,1170449689
Dilemma,980929955
Dire Straits,2128802122
Discovery,564736282
Distantia,1843406900
Diversity,1344240883
Divided,1671461292
Doomsday Clock,1709242212
Down The Runway,1973602914
DraftCrafters,930011092
Dragons Nest,404864593
Druidia,1245459586
Elemental,2123098986
End of the World,1602194483
Ender World,896542317
EnderLeague,937424689
Entropy,514700534
Equity,1337427196
Euro League,1148189586
Evolution,1841957852
Execution,1722854232
Exploration,1628930607
Exploration Redux,281106886
Factions,1864914444
Fallen Kingdom,1706355222
Fantasy,225021087
Fatality,356211094
Fission,2092358580
Flashback,1595395662
Flask,646434176
Flip The Script,463543834
Flip The Switch,1959850069
Folk Tales,552665727
Footloose,884264018
Forgotten,1779991695
Forgotten Championship,275579124
Founding,1281537050
Freefall,1910243140
Frenzy,605456953
Gala,137965641
Game Changer,1905548325
Gateway,9262226
Generational,998143313
Geology,1431366602
GGMC,1623955841
Gold Diggers,2033221079
Golden Globe,331844197
Goopy,1530491897
Grudge Match,677550756
Heroes in Battle,536434994
Hilt and Quiver,803063105
Hunter X,1063524665
I Feel Targetted,1065612052
Identification,1370665520
Iguana,115476827
Impulse,1907604763
Inb4,1132622833
Incedendo,2137356038
Incognito,1692025471
Infusion,2037259309
Inseparable,633013171
Insidious,2099176619
Insight,1621185411
Insistence,320133871
Instinct,1781394999
Intoxicated,316965674
Jambo,803782432
JewHC,280337781
Journey,988904902
Kami,1638520528
Karma,1421689749
Kill in the Garden,1788480025
Kraytos,790149794
Ladies and Gentlemen,1086487526
Lampoon,3863546
Legacy,1676499696
Legacy 2020,1037723633
LightningBolt,256420430
LOL,1519741004
Lore,378962629
Lucrorium,794974659
Manipulation,247913962
Marked For Death,384001115
Masked,539790381
Medallion,363177602
Millennium,1271811642
Miners Down Under,1156671763
Miners Up Above,778399452
Modified,1224262321
Moonlight,1445411005
Mystery Box,1098812523
Mythical,431729208
Mythology,740735889
Nat20,99591104
Navigation,478142960
Neapolitan,1731248257
New Dawn,1973187239
Nightmare,466536963
No Jump,789137875
Notorious,1838335259
Nuance,1410087717
Nuclear,1453948716
Nuzlocke,2111222305
One-Niner Miners,1027060923
On The Fly,566629709
Onvarius,841825734
Out Of Orbit,2087736281
Outcast,1592477773
OutHosted,713568045
Over The Top,1876406246
Overhaul,1169706713
Pandemonium,1960830997
Pangram,1911485143
Paradox,1599083588
Paranormal Hunters,1945421456
Party of One,1315125317
Past Glories,1528503227
Pathfinder,1713768499
Peaks and Valleys,1753704902
Periodic,1645255788
Perspective,913290432
Phase,845680004
Phobia,2018884893
Phoenix,965901683
Pioneer,340520527
Platinum,439547168
Players in Flavours,1909855233
PolyCraft,1321531512
PolyCraft Egg Hunt,1112883414
Project Singularity,1205202344
Prospect,506850074
Protagonist,1881334420
Pursuit,1152196636
Quest for Victory,1449980097
Quixotic,365783674
Radiant,1219804981
Radical,1966253449
Randomania,1972465742
Razlika,1265478744
Realm Navigation,703218834
Recovery,1723440476
Release,230320773
Release the Wither,248615208
Reluctant,1436067204
Remarkable,1148178370
RemEmber,20092637
Reps Rumble,1008634655
Restoration,734504297
Restriction,1310219586
Retro,2091340674
Rise of The Underdogs,1399162682
Rising Stars,2083729462
Risk and Reward,440955033
Roll The Dice,476581668
Ronin,744418273
Roots,287261721
Round Table,443851678
RR Clash 2015,1106116129
RR Clash 2018,1841132761
RR Clash 2021,1566403201
RR Clash 2024,52428105
Sapphire,86306952
Scarlett,1917114176
Scattershot,653846838
Scuffed,1384584520
Seasons,1629896382
Sensation,1799106188
Septa,1234211270
Seveci,2021846218
Shining Stars,1326516983
Simplistic,222691492
Sola Fide,1360573645
SoLit,165334800
Solitude,2066972135
Solstice,1706885892
Soulbound,1727669636
Soulfire Reboot,1910627266
Special,1363561684
Spellbound,233771556
Story,1212983111
Stranded,1852390470
Subspace,1774494968
SW City,1542908605
Synthvoid,1538708800
Tabletop,1112680700
TBA,1312073450
Team Sonic,1995891114
Tell The Tale,920399210
Terminus,280885832
The Divine Comedy,544396653
The Great Frontier,1930698056
The Melon Blooded,1473375027
The Saga,1291830103
The Sauce,1345421095
The Split,1193896183
Thimble Fuck,1415838934
To The End,1483035886
Too Many Structures,75841929
Tomorrow,434648925
Translation,505304748
Trust and Betrayal,1818791407
TUNA,1417364192
UHC Canada,1860919112
UHC Prime,1451519802
UHC States,1283859035
UHC-Gi-Oh,141833648
UHC10,128212895
Ultra Minecore,897619141
UltraCakeCore,1119409276
UltraMania,542795753
Unarmed,1622445258
Unity,2079651219
Universal,1941526738
Unknown,516960892
Unorthodox,365696328
V For Vanilla,570070433
Vanguard,2147158267
Venus,1371599857
Vernacular,16024273
Vine,1977999083
Virdis,856482273
Vista,1534557623
Vitality,1680997739
Walking the Planes,1238709438
Welcome to Hell,1663563304
When Scars Become Stars,505758081
Wiedzmin,140440342
Wildlife Collision,2105446658
Winter Wonderland,195179690
WinterCraft,661151826
WMC,1514787409
World Cup,1483536058
Worlds Collide,926738422
X-Files,902224226
XD,1285226221
Yippee,1465027098
Zoinks,561840532
Deserted,754966822
Intrepid,860105104
Trials and Tribulations,1219321319
Misclick,1469840561
International,210246228